,preoperative_corticosteroids,headache_history,ALT_ARM20p,ALT_CNA_MIR4272,ALT_CNA_NSUN3,ALT_CNA_MAMLD1,ALT_MUT_IDH1,ALT_CNA_MTAP,ALT_CNA_PCAT19,ALT_CNA_AC009518.4,ALT_CNA_FAM72C,eastern_cancer_oncology_group,karnofsky_performance_score,ALT_CNA_LINC00864,RAGNUM_HYPOXIA_SCORE,BUFFA_HYPOXIA_SCORE,WINTER_HYPOXIA_SCORE,age_at_initial_pathologic_diagnosis,year_of_initial_pathologic_diagnosis
0,0.023644921038974233,0.025092667065431923,0.025228831398366385,0.02582177922353753,0.026216876621666125,0.02639449835136252,0.02731011772082831,0.028891061365013716,0.03041415954112307,0.03146442800529352,0.03367216878971327,0.04669516324509911,0.04800634112821299,0.051985582473251926,0.060018787370115824,0.07956776714641223,0.08985476279460802,0.12530705845961182,0.19441302826137746
