,ALT_CNA_LINC00864,RAGNUM_HYPOXIA_SCORE,BUFFA_HYPOXIA_SCORE,WINTER_HYPOXIA_SCORE,age_at_initial_pathologic_diagnosis,year_of_initial_pathologic_diagnosis
0,0.08109462476500208,0.1171927588390969,0.14747598329763476,0.17196549823915272,0.22997417691280914,0.25229695794630447
