,ALT_CNA_FAM72C,eastern_cancer_oncology_group,karnofsky_performance_score,ALT_CNA_LINC00864,RAGNUM_HYPOXIA_SCORE,BUFFA_HYPOXIA_SCORE,WINTER_HYPOXIA_SCORE,age_at_initial_pathologic_diagnosis,year_of_initial_pathologic_diagnosis
0,0.05407773374591447,0.05996440591473987,0.07081597189632804,0.07737330820774435,0.08688400024252452,0.11320468450714616,0.1323158965784379,0.17992586927220258,0.22543812963496218
